data/ecg/Timestamp,data/ecg/Samples/0,data/ecg/Samples/1,data/ecg/Samples/2,data/ecg/Samples/3,data/ecg/Samples/4,data/ecg/Samples/5,data/ecg/Samples/6,data/ecg/Samples/7,data/ecg/Samples/8,data/ecg/Samples/9,data/ecg/Samples/10,data/ecg/Samples/11,data/ecg/Samples/12,data/ecg/Samples/13,data/ecg/Samples/14,data/ecg/Samples/15
962640,-106,-103,-136,-203,-277,-340,-387,-412,-406,-373,-334,-314,-315,-338,-381,-440
962672,-492,-525,-541,-538,-522,-502,-496,-503,-519,-541,-564,-571,-555,-524,-477,-436
962703,-409,-405,-425,-450,-471,-477,-462,-434,-399,-360,-334,-322,-315,-303,-294,-284
962734,-271,-254,-238,-234,-236,-235,-248,-269,-288,-302,-305,-298,-273,-237,-211,-204
962765,-215,-234,-262,-286,-295,-280,-249,-211,-181,-167,-178,-203,-237,-273,-299,-308
962797,-298,-273,-250,-237,-232,-240,-246,-239,-223,-208,-190,-166,-148,-150,-173,-197
962828,-217,-232,-250,-270,-294,-324,-346,-356,-352,-338,-308,-263,-215,-167,-128,-102
962859,-90,-93,-112,-145,-185,-222,-245,-259,-253,-221,-186,-159,-146,-145,-161,-188
962890,-227,-283,-341,-400,-453,-482,-487,-465,-417,-346,-280,-220,-186,-175,-183,-202
962922,-234,-255,-270,-277,-277,-275,-272,-262,-250,-237,-226,-224,-228,-233,-251,-269
962953,-283,-285,-279,-259,-230,-184,-125,-60,16,101,186,274,354,410,422,374
962984,253,50,-221,-536,-856,-1138,-1349,-1468,-1485,-1423,-1297,-1126,-931,-735,-544,-368
963015,-207,-72,33,111,164,186,187,174,156,144,131,119,108,86,47,-2
963047,-53,-100,-132,-144,-135,-108,-76,-50,-34,-39,-63,-98,-134,-171,-192,-194
963078,-177,-153,-136,-129,-134,-150,-167,-166,-150,-112,-69,-24,2,0,-37,-91
963109,-139,-175,-189,-180,-149,-96,-44,-13,-7,-19,-46,-80,-114,-145,-164,-163
963140,-144,-98,-49,-13,11,18,9,-16,-52,-91,-128,-167,-206,-239,-273,-308
963172,-338,-356,-362,-351,-346,-347,-360,-380,-396,-404,-409,-407,-398,-384,-367,-372
963203,-398,-456,-517,-565,-597,-611,-605,-591,-568,-535,-508,-487,-459,-431,-390,-347
963234,-319,-306,-304,-307,-307,-303,-303,-305,-300,-300,-308,-330,-352,-373,-389,-398
963265,-390,-374,-342,-292,-234,-189,-157,-145,-154,-185,-236,-285,-315,-322,-305,-272
963297,-224,-181,-148,-135,-161,-213,-272,-334,-371,-367,-338,-285,-233,-197,-192,-210
963328,-252,-296,-315,-304,-270,-221,-184,-166,-170,-193,-222,-241,-249,-244,-220,-189
963359,-161,-153,-171,-197,-236,-268,-277,-263,-230,-183,-132,-92,-81,-101,-134,-162
963390,-180,-186,-184,-171,-165,-171,-191,-224,-281,-349,-399,-416,-408,-369,-301,-230
963422,-187,-186,-220,-275,-337,-385,-409,-397,-368,-327,-286,-255,-244,-238,-235,-228
963453,-224,-215,-205,-187,-174,-171,-189,-229,-285,-337,-382,-407,-402,-365,-296,-209
963484,-120,-36,31,76,112,155,202,256,302,310,262,139,-55,-298,-571,-835
963515,-1049,-1195,-1272,-1279,-1228,-1136,-1012,-861,-686,-505,-319,-137,24,143,210,218
963547,187,128,66,29,12,15,39,59,46,7,-63,-146,-210,-247,-246,-203
963578,-126,-35,42,84,77,27,-44,-112,-155,-172,-160,-130,-97,-80,-90,-124
963609,-171,-225,-257,-266,-246,-199,-130,-70,-29,-10,-9,-29,-60,-87,-103,-97
963640,-87,-78,-81,-102,-129,-142,-134,-106,-63,-21,12,22,-5,-57,-109,-153
963672,-173,-161,-136,-107,-86,-78,-85,-108,-151,-202,-254,-302,-332,-348,-353,-353
963703,-360,-376,-406,-440,-475,-499,-509,-499,-472,-446,-433,-444,-469,-499,-528,-543
963734,-542,-526,-501,-457,-409,-381,-376,-388,-413,-448,-472,-482,-468,-441,-408,-377
963765,-365,-378,-401,-414,-412,-382,-328,-268,-219,-196,-202,-229,-263,-280,-274,-259
963797,-242,-219,-199,-187,-182,-189,-198,-206,-222,-241,-274,-322,-362,-387,-392,-386
963828,-362,-329,-279,-225,-176,-133,-103,-98,-108,-135,-175,-218,-261,-295,-313,-306
963859,-280,-255,-234,-219,-219,-218,-207,-202,-191,-174,-157,-149,-153,-178,-206,-230
963890,-253,-276,-290,-292,-280,-257,-228,-193,-162,-135,-117,-102,-105,-119,-149,-188
963922,-231,-271,-298,-302,-287,-256,-228,-214,-222,-250,-291,-335,-370,-390,-397,-391
963953,-357,-315,-270,-226,-198,-192,-214,-252,-296,-333,-355,-353,-335,-310,-293,-283
963984,-281,-289,-305,-318,-330,-326,-312,-286,-242,-181,-107,-33,41,118,199,287
964015,367,421,429,375,245,47,-202,-476,-752,-1004,-1206,-1344,-1419,-1426,-1358,-1222
964047,-1024,-784,-528,-283,-83,61,139,165,156,131,98,77,74,89,109,127
964078,138,132,102,51,-1,-57,-107,-142,-162,-172,-167,-156,-146,-149,-160,-169
964109,-180,-196,-212,-213,-191,-147,-90,-43,-19,-30,-60,-94,-115,-122,-112,-86
964140,-62,-54,-71,-108,-151,-181,-187,-164,-122,-83,-50,-30,-35,-64,-103,-134
964172,-145,-137,-107,-66,-34,-13,-10,-25,-55,-92,-121,-130,-120,-113,-102,-91
964203,-94,-124,-166,-214,-250,-274,-285,-278,-260,-256,-267,-297,-357,-433,-505,-558
964234,-596,-610,-605,-570,-530,-501,-484,-477,-483,-497,-511,-513,-502,-484,-458,-435
964265,-421,-424,-424,-403,-371,-336,-295,-261,-248,-266,-306,-361,-415,-459,-472,-458
964297,-421,-372,-317,-273,-249,-245,-249,-257,-263,-259,-237,-201,-166,-132,-123,-146
964328,-186,-229,-265,-282,-279,-262,-233,-206,-203,-219,-252,-287,-304,-293,-257,-212
964359,-164,-137,-136,-150,-179,-216,-251,-272,-290,-303,-311,-313,-316,-310,-292,-265
964390,-229,-197,-161,-129,-122,-137,-164,-202,-247,-275,-279,-262,-228,-182,-138,-106
964422,-91,-85,-91,-108,-137,-175,-218,-256,-286,-296,-284,-259,-233,-217,-208,-209
964453,-232,-272,-317,-360,-399,-429,-446,-447,-422,-377,-313,-252,-212,-194,-195,-209
964484,-230,-257,-274,-280,-281,-279,-282,-287,-288,-277,-268,-274,-295,-332,-378,-413
964515,-429,-407,-347,-259,-155,-49,45,118,191,266,343,407,439,424,346,189
964547,-43,-324,-632,-935,-1188,-1353,-1420,-1403,-1315,-1174,-1005,-827,-652,-487,-324,-167
964578,-14,122,213,252,239,185,106,25,-43,-83,-81,-55,-25,0,5,-11
964609,-31,-56,-78,-98,-111,-114,-113,-119,-128,-135,-137,-132,-121,-103,-97,-94
964640,-96,-101,-116,-135,-148,-150,-135,-110,-86,-80,-95,-123,-158,-193,-214,-206
964672,-181,-141,-95,-62,-51,-64,-89,-117,-139,-151,-144,-113,-72,-21,28,59
964703,64,43,-1,-63,-135,-200,-234,-236,-208,-162,-118,-113,-138,-191,-251,-305
964734,-338,-345,-335,-324,-327,-361,-425,-497,-548,-561,-536,-485,-418,-362,-334,-339
964765,-388,-464,-543,-606,-645,-648,-615,-564,-512,-471,-452,-456,-477,-487,-491,-490
964797,-476,-451,-431,-413,-398,-385,-369,-340,-302,-256,-213,-176,-144,-135,-159,-204
964828,-264,-337,-394,-415,-404,-365,-298,-231,-184,-166,-188,-235,-280,-316,-328,-300
964859,-252,-195,-135,-102,-96,-121,-168,-218,-258,-294,-309,-309,-300,-294,-290,-295
964890,-305,-314,-317,-298,-265,-224,-175,-131,-117,-126,-159,-204,-244,-269,-275,-256
964922,-239,-241,-260,-297,-343,-371,-369,-336,-272,-191,-109,-37,6,21,19,6
964953,-20,-49,-87,-127,-167,-204,-241,-287,-335,-385,-423,-447,-456,-450,-423,-382
964984,-337,-298,-266,-248,-242,-244,-254,-267,-291,-315,-335,-351,-360,-358,-344,-330
965015,-326,-333,-336,-335,-325,-301,-268,-238,-211,-192,-185,-194,-212,-223,-224,-208
965047,-176,-129,-65,26,136,257,369,450,480,443,338,161,-74,-354,-645,-925
965078,-1155,-1318,-1402,-1415,-1362,-1255,-1108,-944,-782,-619,-458,-312,-174,-50,58,149
965109,211,242,251,238,202,165,132,103,70,31,-15,-62,-110,-150,-169,-157
965140,-131,-89,-42,-11,-18,-53,-96,-133,-170,-190,-190,-179,-169,-170,-182,-193
965172,-207,-206,-180,-140,-98,-59,-44,-64,-99,-135,-159,-157,-133,-86,-26,26
965203,41,22,-24,-76,-109,-122,-120,-95,-57,-26,-7,-7,-26,-55,-86,-113
965234,-137,-163,-175,-170,-160,-149,-146,-147,-157,-172,-187,-203,-213,-215,-213,-221
965265,-254,-313,-394,-480,-551,-583,-571,-518,-451,-394,-370,-383,-434,-497,-553,-588
965297,-590,-570,-538,-507,-500,-511,-525,-526,-518,-495,-460,-423,-380,-345,-325,-326
965328,-345,-373,-386,-385,-367,-334,-280,-229,-189,-167,-179,-225,-288,-339,-369,-376
965359,-362,-331,-274,-217,-178,-151,-145,-164,-188,-215,-244,-273,-299,-317,-322,-320
965390,-310,-285,-236,-188,-141,-96,-64,-69,-105,-164,-226,-283,-310,-307,-274,-234
965422,-197,-169,-159,-187,-215,-239,-251,-251,-235,-218,-203,-202,-212,-233,-259,-284
965453,-301,-311,-312,-304,-279,-245,-197,-156,-124,-98,-76,-64,-62,-63,-62,-63
965484,-73,-97,-134,-181,-226,-262,-276,-282,-276,-272,-282,-311,-361,-423,-485,-527
965515,-547,-542,-507,-439,-359,-279,-220,-182,-162,-158,-171,-187,-207,-228,-250,-275
965547,-295,-305,-302,-274,-233,-195,-180,-183,-203,-237,-276,-288,-263,-203,-115,-7
965578,104,204,302,383,423,413,353,229,41,-193,-453,-713,-959,-1166,-1311,-1387
965609,-1401,-1348,-1221,-1048,-847,-631,-432,-264,-131,-33,39,91,132,160,185,199
965640,195,171,132,78,16,-47,-104,-141,-155,-153,-142,-134,-137,-153,-166,-170
965672,-161,-132,-81,-21,37,69,66,35,-31,-112,-183,-234,-261,-252,-221,-182
965703,-141,-116,-114,-116,-118,-117,-113,-101,-90,-83,-82,-88,-89,-91,-92,-79
965734,-64,-63,-64,-55,-45,-34,-26,-30,-39,-62,-82,-98,-105,-93,-61,-24
965765,1,3,-26,-83,-154,-234,-305,-363,-394,-393,-359,-324,-291,-280,-289,-318
965797,-364,-418,-461,-496,-519,-542,-559,-568,-564,-546,-521,-478,-437,-407,-390,-388
965828,-398,-422,-443,-452,-460,-462,-463,-457,-457,-462,-473,-479,-482,-465,-439,-401
965859,-355,-307,-267,-243,-231,-228,-235,-252,-269,-288,-305,-309,-295,-274,-250,-230
965890,-206,-184,-167,-158,-139,-128,-126,-146,-190,-256,-323,-377,-407,-404,-379,-336
965922,-281,-232,-201,-185,-179,-180,-184,-187,-186,-189,-202,-222,-245,-279,-309,-319
965953,-309,-278,-231,-182,-139,-122,-136,-171,-215,-258,-295,-314,-321,-311,-296,-267
965984,-233,-207,-187,-164,-146,-128,-111,-92,-78,-61,-59,-74,-115,-171,-227,-264
966015,-276,-265,-247,-223,-213,-233,-289,-356,-412,-446,-453,-427,-372,-301,-241,-207
966047,-205,-233,-283,-333,-373,-402,-399,-367,-316,-262,-225,-214,-227,-251,-276,-290
966078,-286,-258,-220,-184,-172,-190,-230,-280,-328,-359,-358,-305,-213,-92,38,166
966109,281,379,434,442,396,295,138,-66,-318,-601,-894,-1162,-1367,-1478,-1498,-1429
966140,-1276,-1068,-842,-631,-441,-268,-126,-4,101,180,234,246,222,173,110,42
966172,-12,-44,-53,-37,-2,34,52,48,15,-32,-81,-115,-135,-133,-117,-94
966203,-85,-104,-144,-189,-229,-260,-276,-273,-246,-206,-156,-111,-84,-73,-70,-69
966234,-67,-70,-71,-67,-67,-82,-121,-175,-227,-265,-274,-246,-183,-110,-28,43
966265,81,77,42,-7,-56,-90,-107,-105,-93,-79,-73,-86,-119,-159,-195,-216
966297,-220,-207,-190,-169,-162,-175,-206,-247,-290,-325,-344,-342,-321,-295,-283,-293
966328,-327,-383,-453,-521,-575,-609,-612,-594,-563,-540,-524,-520,-507,-478,-451,-417
966359,-384,-366,-368,-386,-422,-461,-490,-496,-482,-464,-453,-447,-442,-435,-415,-378
966390,-325,-263,-205,-163,-148,-168,-208,-258,-302,-323,-317,-293,-251,-213,-194,-190
966422,-200,-220,-238,-254,-264,-260,-256,-246,-232,-214,-195,-172,-162,-173,-192,-220
966453,-258,-302,-342,-360,-355,-325,-271,-207,-162,-142,-144,-174,-224,-281,-314,-317
966484,-292,-248,-209,-190,-187,-190,-194,-200,-209,-217,-218,-223,-233,-240,-240,-231
966515,-212,-190,-168,-155,-152,-151,-164,-183,-197,-193,-181,-151,-113,-72,-46,-44
966547,-76,-140,-231,-320,-387,-423,-440,-432,-410,-383,-360,-351,-349,-355,-362,-358
966578,-333,-299,-260,-228,-209,-213,-231,-258,-279,-290,-284,-266,-244,-240,-250,-271
966609,-289,-302,-292,-263,-241,-233,-229,-228,-216,-193,-158,-95,-24,52,140,239
966640,317,377,396,345,214,-1,-281,-592,-894,-1148,-1314,-1395,-1390,-1318,-1194,-1036
966672,-849,-652,-456,-270,-97,48,154,220,244,229,191,146,103,63,33,21
966703,17,14,-2,-27,-60,-87,-101,-93,-77,-61,-52,-63,-92,-140,-186,-213
966734,-211,-180,-135,-82,-36,-19,-32,-62,-104,-157,-209,-246,-267,-269,-252,-215
966765,-164,-116,-84,-66,-53,-60,-77,-90,-84,-65,-39,-17,-6,-14,-36,-59
966797,-68,-57,-32,-6,19,28,10,-29,-68,-95,-104,-96,-81,-78,-105,-164
966828,-244,-339,-423,-475,-482,-446,-375,-288,-206,-157,-147,-184,-250,-340,-424,-490
966859,-520,-520,-498,-458,-425,-414,-417,-437,-473,-498,-506,-504,-488,-467,-469,-495
966890,-537,-595,-650,-672,-658,-601,-501,-379,-257,-151,-89,-79,-101,-153,-222,-280
966922,-325,-360,-375,-371,-352,-337,-326,-318,-304,-283,-255,-222,-196,-178,-172,-176
966953,-189,-204,-218,-218,-206,-195,-201,-225,-271,-320,-350,-349,-317,-263,-210,-167
966984,-132,-114,-108,-118,-135,-149,-153,-157,-175,-206,-251,-304,-353,-395,-413,-395
967015,-331,-233,-133,-54,-11,-16,-73,-156,-245,-326,-388,-416,-406,-368,-315,-255
967047,-206,-179,-170,-173,-185,-193,-180,-142,-85,-31,2,-2,-36,-95,-163,-221
967078,-268,-291,-285,-264,-241,-225,-226,-239,-257,-282,-306,-321,-337,-346,-356,-361
967109,-361,-359,-357,-351,-338,-323,-305,-283,-258,-229,-212,-201,-198,-202,-218,-241
967140,-268,-291,-305,-312,-310,-306,-298,-277,-252,-220,-188,-154,-115,-66,-6,61
967172,135,212,285,338,340,276,147,-52,-312,-599,-890,-1144,-1317,-1400,-1388,-1286
967203,-1129,-932,-730,-542,-385,-241,-117,-11,88,166,220,243,222,178,128,81
967234,41,21,10,-7,-31,-60,-100,-143,-180,-197,-192,-166,-142,-124,-113,-112
967265,-117,-118,-121,-117,-105,-88,-70,-55,-54,-62,-68,-80,-93,-103,-115,-133
967297,-155,-166,-163,-151,-125,-96,-69,-61,-74,-100,-134,-167,-185,-178,-153,-126
967328,-104,-86,-81,-74,-75,-60,-36,-17,-8,-2,-9,-27,-49,-63,-74,-78
967359,-83,-79,-78,-96,-131,-183,-248,-322,-383,-425,-451,-462,-459,-452,-445,-450
967390,-457,-472,-483,-492,-497,-504,-509,-510,-510,-510,-511,-507,-499,-485,-463,-433
967422,-405,-390,-387,-394,-408,-423,-425,-397,-342,-271,-199,-139,-111,-132,-191,-265
967453,-350,-420,-474,-493,-474,-453,-443,-447,-459,-487,-507,-490,-436,-360,-265,-163
967484,-76,-31,-32,-58,-105,-165,-209,-215,-200,-179,-159,-144,-143,-160,-178,-180
967515,-169,-150,-123,-99,-109,-153,-220,-297,-366,-418,-437,-409,-353,-284,-224,-188
967547,-179,-201,-245,-291,-329,-341,-320,-269,-217,-176,-151,-154,-178,-211,-242,-251
967578,-242,-210,-150,-89,-44,-24,-26,-61,-115,-166,-198,-209,-194,-164,-126,-110
967609,-127,-168,-222,-281,-332,-366,-377,-366,-355,-352,-344,-337,-330,-305,-270,-228
967640,-192,-171,-173,-199,-255,-325,-374,-394,-381,-341,-287,-233,-191,-186,-210,-263
967672,-327,-382,-408,-390,-327,-240,-159,-97,-79,-121,-200,-288,-349,-354,-292,-171
967703,-6,158,312,434,513,544,527,447,300,87,-193,-502,-820,-1103,-1313,-1419
967734,-1433,-1362,-1236,-1073,-900,-728,-564,-410,-270,-144,-32,55,105,131,137,129
967765,110,85,51,16,-8,-17,-7,15,42,74,100,93,59,15,-39,-87
967797,-115,-123,-114,-101,-94,-95,-111,-140,-164,-165,-154,-141,-119,-97,-96,-113
967828,-142,-178,-214,-248,-267,-259,-243,-215,-169,-111,-69,-38,-16,-5,-5,-11
967859,-13,-10,-8,-10,-9,-12,-19,-27,-34,-41,-48,-51,-55,-58,-62,-65
967890,-77,-90,-104,-126,-161,-185,-209,-234,-261,-292,-329,-363,-393,-402,-390,-364
967922,-332,-295,-287,-311,-361,-425,-495,-548,-577,-586,-583,-576,-560,-540,-517,-485
967953,-437,-382,-332,-297,-292,-316,-356,-408,-456,-499,-526,-547,-558,-558,-545,-524
967984,-486,-422,-358,-307,-276,-261,-251,-252,-247,-227,-200,-173,-150,-137,-144,-169
968015,-190,-202,-211,-222,-231,-234,-227,-216,-197,-184,-177,-180,-180,-185,-195,-212
968047,-222,-239,-264,-293,-323,-351,-366,-359,-324,-279,-250,-234,-228,-237,-245,-240
968078,-217,-186,-148,-122,-109,-125,-162,-212,-253,-272,-275,-261,-232,-204,-185,-179
968109,-186,-197,-205,-207,-195,-176,-158,-147,-148,-162,-194,-231,-263,-271,-260,-230
968140,-183,-126,-76,-51,-57,-91,-153,-219,-280,-330,-370,-393,-396,-383,-362,-341
968172,-316,-289,-268,-251,-246,-253,-272,-294,-310,-317,-324,-319,-303,-282,-264,-256
968203,-257,-263,-268,-274,-268,-254,-236,-223,-208,-200,-198,-205,-207,-199,-182,-148
968234,-91,-17,56,135,225,308,374,410,390,314,160,-69,-344,-638,-924,-1169
968265,-1342,-1435,-1461,-1411,-1297,-1124,-922,-705,-483,-279,-110,23,112,163,181,184
968297,175,157,138,121,102,76,43,5,-37,-71,-93,-108,-109,-100,-85,-70
968328,-71,-98,-139,-182,-212,-225,-215,-185,-131,-80,-61,-67,-98,-134,-167,-181
968359,-178,-156,-127,-91,-67,-57,-59,-66,-77,-94,-108,-113,-103,-81,-58,-39
968390,-32,-43,-75,-107,-117,-98,-53,15,75,102,84,25,-58,-141,-204,-237
968422,-230,-198,-163,-151,-163,-191,-216,-232,-236,-221,-190,-156,-137,-151,-203,-288
968453,-381,-452,-491,-496,-469,-417,-361,-324,-318,-358,-439,-531,-605,-659,-674,-655
968484,-606,-543,-478,-430,-401,-388,-394,-396,-394,-385,-366,-343,-328,-328,-340,-354
968515,-370,-375,-369,-343,-305,-266,-222,-193,-184,-184,-179,-175,-178,-189,-198,-216
968547,-247,-279,-307,-337,-363,-376,-373,-360,-340,-313,-280,-256,-241,-235,-228,-224
968578,-216,-201,-177,-147,-124,-106,-99,-114,-149,-196,-248,-294,-325,-333,-322,-291
968609,-263,-236,-222,-221,-229,-238,-242,-237,-228,-213,-208,-206,-211,-216,-222,-224
968640,-224,-231,-241,-258,-279,-300,-313,-310,-276,-218,-152,-89,-38,-1,20,16
968672,-6,-34,-75,-126,-172,-210,-243,-271,-289,-295,-290,-283,-277,-275,-286,-306
968703,-334,-358,-378,-399,-407,-403,-389,-375,-368,-371,-374,-373,-351,-315,-276,-246
968734,-223,-206,-202,-203,-201,-202,-198,-196,-203,-212,-223,-234,-234,-211,-168,-121
968765,-63,-5,44,88,138,194,252,297,311,282,204,59,-141,-376,-634,-879
968797,-1091,-1253,-1355,-1391,-1359,-1252,-1092,-902,-698,-487,-291,-125,11,109,156,171
968828,158,130,90,55,31,26,31,47,66,84,81,78,63,36,-7,-55
968859,-108,-163,-211,-240,-249,-239,-207,-158,-106,-69,-60,-68,-85,-107,-126,-136
968890,-139,-135,-130,-133,-139,-151,-167,-194,-227,-251,-263,-249,-205,-133,-54,11
968922,57,74,59,18,-34,-73,-105,-132,-161,-187,-209,-220,-217,-206,-195,-181
968953,-167,-144,-115,-84,-54,-23,2,0,-31,-93,-184,-273,-346,-386,-385,-355
968984,-305,-258,-226,-226,-254,-307,-372,-423,-458,-472,-480,-495,-521,-553,-589,-622
969015,-642,-646,-631,-602,-564,-527,-494,-469,-442,-418,-399,-379,-358,-340,-321,-303
969047,-298,-308,-323,-335,-337,-320,-288,-247,-209,-183,-179,-194,-235,-290,-338,-367
969078,-374,-349,-304,-251,-204,-177,-181,-215,-273,-334,-367,-371,-342,-294,-235,-180
969109,-142,-129,-136,-166,-199,-238,-270,-287,-290,-278,-252,-217,-184,-165,-162,-168
969140,-174,-178,-182,-180,-181,-191,-211,-234,-241,-247,-249,-246,-242,-246,-260,-285
969172,-314,-339,-349,-341,-302,-248,-186,-121,-73,-43,-34,-39,-45,-43,-40,-44
969203,-71,-110,-163,-222,-268,-286,-275,-251,-220,-208,-216,-233,-269,-310,-363,-419
969234,-470,-513,-540,-540,-505,-444,-363,-292,-238,-216,-207,-199,-181,-159,-124,-88
969265,-70,-80,-113,-178,-246,-300,-323,-302,-254,-198,-157,-137,-150,-188,-225,-251
969297,-245,-197,-100,27,161,276,350,360,295,146,-74,-338,-627,-914,-1154,-1319
969328,-1410,-1428,-1369,-1238,-1054,-842,-621,-404,-207,-45,91,188,246,274,287,287
969359,271,232,176,115,46,-29,-101,-152,-179,-176,-152,-124,-90,-64,-45,-29
969390,-19,-13,-7,-2,-8,-40,-98,-176,-254,-325,-379,-391,-368,-311,-234,-155
969422,-86,-35,-5,-11,-39,-78,-116,-135,-130,-99,-45,12,61,96,102,63
969453,1,-70,-146,-208,-241,-244,-220,-186,-149,-111,-88,-95,-115,-136,-146,-140
969484,-115,-83,-51,-32,-44,-86,-155,-238,-307,-345,-349,-324,-282,-246,-229,-239
969515,-280,-334,-386,-423,-441,-440,-435,-441,-449,-465,-493,-526,-536,-522,-498,-474
969547,-453,-448,-463,-493,-511,-514,-502,-472,-427,-385,-368,-380,-414,-447,-464,-463
969578,-441,-402,-353,-299,-255,-226,-205,-194,-198,-199,-198,-210,-219,-220,-218,-219
969609,-231,-247,-272,-306,-343,-354,-350,-320,-268,-213,-168,-144,-145,-159,-189,-227
969640,-261,-287,-308,-326,-338,-359,-374,-378,-366,-346,-321,-292,-262,-243,-236,-240
969672,-240,-229,-202,-159,-106,-56,-16,10,6,-35,-102,-175,-229,-263,-272,-261
969703,-238,-215,-206,-220,-251,-294,-320,-310,-273,-220,-168,-128,-109,-112,-140,-185
969734,-213,-223,-209,-191,-188,-204,-249,-309,-367,-400,-396,-355,-295,-235,-194,-183
969765,-201,-232,-264,-293,-322,-327,-322,-315,-309,-301,-284,-275,-279,-288,-296,-311
969797,-313,-285,-246,-220,-200,-196,-214,-230,-241,-232,-189,-114,-20,84,174,246
969828,307,337,319,259,146,-21,-240,-485,-731,-959,-1136,-1242,-1281,-1270,-1204,-1098
969859,-951,-792,-623,-455,-301,-178,-76,1,56,102,145,188,224,234,220,177
969890,122,61,9,-29,-52,-63,-66,-72,-68,-65,-66,-61,-46,-36,-44,-63
969922,-85,-101,-117,-124,-136,-153,-174,-190,-200,-217,-237,-254,-269,-282,-296,-311
969953,-322,-313,-291,-249,-196,-128,-50,33,103,147,147,106,45,-21,-78,-105
969984,-108,-92,-68,-50,-39,-44,-61,-81,-90,-87,-72,-52,-45,-49,-71,-108
970015,-154,-191,-216,-219,-207,-190,-190,-217,-279,-370,-456,-520,-559,-564,-543,-510
970047,-479,-465,-467,-474,-488,-500,-495,-477,-460,-443,-431,-434,-457,-484,-499,-488
970078,-451,-399,-346,-303,-287,-293,-319,-360,-399,-425,-428,-413,-381,-338,-287,-248
970109,-227,-229,-254,-292,-320,-333,-329,-309,-292,-288,-295,-317,-334,-332,-311,-271
970140,-216,-168,-145,-151,-179,-230,-288,-340,-371,-371,-347,-307,-253,-199,-161,-144
970172,-143,-155,-181,-204,-223,-226,-219,-204,-179,-148,-133,-134,-154,-188,-225,-254
970203,-277,-285,-287,-283,-276,-263,-246,-228,-214,-207,-205,-202,-200,-204,-204,-196
970234,-181,-166,-155,-144,-139,-133,-130,-130,-149,-174,-203,-223,-239,-246,-255,-258
970265,-266,-285,-319,-362,-402,-428,-443,-442,-420,-388,-344,-300,-262,-238,-227,-230
970297,-236,-243,-242,-253,-253,-245,-233,-231,-232,-234,-244,-258,-273,-287,-311,-339
970328,-356,-356,-354,-328,-260,-158,-25,126,277,401,487,513,471,362,197,0
970359,-218,-453,-681,-898,-1090,-1233,-1325,-1365,-1349,-1282,-1148,-980,-788,-578,-364,-166
970390,-4,102,155,173,166,159,169,191,212,222,209,168,97,18,-44,-78
970422,-87,-73,-53,-36,-33,-60,-105,-161,-212,-253,-270,-268,-237,-198,-153,-127
970453,-123,-147,-174,-204,-223,-227,-209,-175,-131,-97,-72,-59,-44,-29,-15,-2
970484,10,13,-7,-46,-105,-166,-210,-220,-201,-148,-83,-13,34,55,38,-6
970515,-62,-112,-153,-172,-182,-184,-187,-187,-199,-207,-213,-222,-213,-192,-167,-148
970547,-148,-171,-210,-264,-318,-358,-382,-382,-357,-332,-320,-329,-363,-410,-463,-519
970578,-550,-566,-560,-539,-510,-478,-449,-432,-428,-444,-470,-500,-515,-507,-480,-447
970609,-411,-378,-369,-382,-403,-431,-455,-463,-451,-426,-395,-361,-326,-287,-257,-229
970640,-207,-190,-185,-178,-180,-193,-221,-243,-257,-267,-272,-268,-261,-240,-210,-179
970672,-153,-138,-129,-130,-142,-171,-206,-257,-306,-348,-376,-408,-424,-407,-359,-304
970703,-240,-184,-137,-115,-118,-132,-150,-175,-192,-194,-197,-195,-190,-188,-193,-213
970734,-239,-270,-300,-320,-318,-293,-242,-191,-142,-113,-100,-107,-109,-117,-116,-107
970765,-106,-124,-154,-198,-249,-294,-328,-343,-344,-330,-311,-291,-272,-260,-253,-255
970797,-266,-284,-300,-318,-328,-331,-334,-338,-334,-330,-323,-301,-272,-245,-214,-188
970828,-173,-175,-198,-232,-269,-311,-346,-370,-384,-383,-359,-320,-262,-196,-107,4
970859,116,220,317,401,470,503,485,406,256,46,-214,-502,-793,-1056,-1269,-1412
970890,-1480,-1482,-1413,-1283,-1110,-903,-687,-485,-308,-170,-70,-9,33,73,117,171
970922,234,293,325,311,251,154,30,-88,-176,-215,-214,-181,-127,-69,-33,-13
970953,-7,-13,-28,-48,-71,-88,-94,-96,-96,-86,-77,-70,-75,-96,-125,-161
970984,-203,-235,-265,-291,-318,-325,-297,-244,-161,-62,37,105,132,114,52,-27
971015,-104,-161,-182,-174,-147,-108,-74,-54,-44,-34,-30,-13,14,52,82,97
971047,83,35,-44,-140,-232,-303,-340,-349,-337,-321,-311,-316,-338,-380,-417,-445
971078,-456,-446,-418,-376,-338,-312,-305,-331,-383,-444,-496,-539,-564,-574,-570,-560
971109,-553,-555,-553,-550,-542,-521,-483,-452,-420,-395,-379,-378,-391,-398,-400,-394
971140,-371,-326,-276,-230,-198,-183,-187,-206,-235,-258,-263,-249,-217,-187,-173,-182
971172,-225,-294,-366,-417,-424,-379,-280,-163,-64,-14,-25,-102,-225,-351,-443,-476
971203,-453,-373,-264,-167,-103,-81,-96,-130,-165,-196,-215,-223,-228,-225,-228,-245
971234,-263,-272,-271,-257,-234,-212,-191,-178,-183,-206,-242,-276,-294,-285,-256,-212
971265,-162,-120,-92,-82,-92,-107,-113,-126,-140,-144,-143,-146,-153,-166,-194,-232
971297,-273,-307,-338,-352,-352,-333,-311,-293,-294,-313,-342,-362,-367,-353,-324,-281
971328,-243,-223,-233,-268,-314,-346,-340,-295,-227,-151,-86,-58,-71,-122,-196,-269
971359,-334,-371,-388,-382,-362,-321,-266,-197,-110,-4,115,231,332,411,463,463
971390,403,277,79,-178,-464,-766,-1038,-1250,-1393,-1453,-1425,-1333,-1195,-1027,-836,-631
971422,-424,-218,-30,113,189,197,161,96,34,1,10,49,103,155,173,144
971453,85,8,-66,-121,-157,-171,-169,-166,-162,-150,-146,-150,-153,-158,-162,-153
971484,-133,-102,-68,-52,-42,-46,-66,-95,-115,-124,-117,-101,-86,-74,-80,-104
971515,-136,-164,-192,-212,-216,-210,-193,-160,-118,-73,-35,-3,22,40,43,37
971547,21,-5,-38,-84,-137,-180,-213,-233,-242,-233,-215,-188,-161,-141,-136,-144
971578,-154,-167,-181,-197,-211,-224,-240,-266,-301,-340,-374,-411,-441,-467,-491,-514
971609,-540,-555,-559,-550,-534,-508,-481,-466,-461,-467,-488,-513,-546,-569,-578,-565
971640,-534,-477,-406,-329,-261,-210,-188,-187,-199,-225,-254,-281,-304,-325,-342,-358
971672,-372,-380,-376,-362,-331,-287,-235,-182,-141,-117,-114,-141,-182,-228,-269,-301
971703,-313,-313,-315,-316,-324,-329,-320,-295,-252,-206,-170,-143,-129,-148,-180,-209
971734,-233,-254,-256,-250,-232,-214,-191,-169,-146,-142,-146,-158,-176,-191,-206,-224
971765,-245,-265,-283,-302,-316,-315,-305,-284,-262,-233,-207,-185,-173,-158,-153,-159
971797,-169,-168,-171,-173,-181,-187,-196,-215,-247,-267,-270,-272,-270,-271,-287,-317
971828,-351,-376,-393,-390,-364,-312,-251,-214,-206,-221,-266,-321,-370,-404,-421,-397
971859,-342,-277,-222,-178,-148,-138,-159,-196,-246,-303,-347,-353,-325,-263,-165,-44
971890,86,203,293,366,416,429,387,289,130,-84,-342,-610,-871,-1096,-1267,-1362
971922,-1378,-1332,-1231,-1085,-912,-744,-586,-441,-314,-199,-84,34,141,226,275,284
971953,249,184,115,60,20,1,11,33,48,50,37,5,-38,-79,-113,-139
971984,-157,-154,-137,-111,-92,-92,-109,-142,-185,-212,-231,-247,-252,-252,-255,-262
972015,-262,-254,-219,-164,-82,4,78,105,88,29,-49,-117,-152,-161,-140,-99
972047,-55,-27,-34,-71,-124,-185,-238,-267,-272,-253,-210,-136,-56,4,30,14
972078,-35,-95,-159,-207,-224,-211,-187,-156,-137,-131,-144,-173,-212,-247,-297,-356
972109,-417,-488,-559,-612,-633,-617,-569,-501,-428,-373,-349,-360,-401,-465,-534,-582
972140,-591,-582,-548,-497,-432,-379,-345,-337,-359,-403,-458,-504,-511,-489,-433,-363
972172,-300,-264,-263,-294,-337,-373,-396,-388,-345,-284,-223,-173,-147,-139,-145,-163
972203,-188,-209,-233,-246,-244,-243,-254,-262,-276,-291,-297,-299,-288,-268,-253,-242
972234,-234,-249,-271,-280,-272,-239,-194,-147,-106,-91,-106,-148,-190,-226,-248,-249
972265,-234,-214,-200,-202,-219,-252,-293,-327,-324,-306,-271,-216,-157,-101,-55,-37
972297,-47,-73,-109,-142,-161,-168,-168,-169,-190,-218,-263,-321,-375,-410,-426,-418
972328,-382,-332,-282,-251,-232,-213,-195,-186,-191,-208,-241,-286,-338,-390,-436,-459
972359,-452,-425,-367,-300,-243,-190,-153,-146,-176,-226,-295,-368,-423,-434,-392,-315
972390,-219,-116,-21,45,88,114,139,173,210,242,250,214,129,-7,-189,-405
972422,-636,-863,-1056,-1188,-1258,-1275,-1225,-1131,-999,-851,-687,-513,-334,-153,21,167
972453,273,315,301,245,164,73,-8,-69,-111,-138,-147,-145,-137,-116,-79,-33
972484,8,34,39,16,-32,-97,-159,-201,-214,-203,-170,-130,-106,-100,-122,-164
972515,-211,-247,-255,-231,-190,-137,-88,-49,-26,-27,-46,-64,-74,-72,-54,-23
972547,3,1,-31,-82,-132,-179,-209,-206,-181,-147,-106,-75,-64,-82,-116,-143
972578,-154,-156,-145,-118,-86,-60,-40,-43,-73,-115,-159,-197,-224,-250,-272,-288
972609,-301,-320,-342,-376,-424,-469,-501,-516,-509,-481,-436,-393,-377,-399,-438,-482
972640,-514,-528,-512,-469,-421,-392,-399,-444,-515,-581,-624,-621,-574,-494,-393,-298
972672,-236,-213,-227,-266,-314,-348,-369,-360,-338,-305,-272,-253,-249,-254,-273,-294
972703,-314,-320,-318,-311,-300,-291,-280,-271,-255,-234,-206,-169,-128,-99,-74,-68
972734,-90,-146,-225,-316,-388,-431,-436,-401,-341,-280,-228,-203,-210,-230,-249,-253
972765,-234,-205,-183,-173,-187,-223,-268,-300,-320,-323,-313,-286,-251,-204,-154,-107
972797,-75,-53,-40,-30,-32,-35,-38,-45,-65,-87,-121,-169,-220,-269,-310,-346
972828,-374,-392,-408,-421,-428,-419,-402,-389,-380,-373,-362,-354,-349,-346,-343,-340
972859,-324,-299,-272,-247,-221,-192,-172,-160,-155,-156,-160,-159,-151,-142,-128,-131
972890,-154,-209,-291,-374,-434,-461,-431,-340,-201,-35,130,265,354,390,365,280
972922,145,-50,-287,-535,-773,-991,-1163,-1271,-1307,-1268,-1167,-1020,-849,-687,-538,-407
972953,-306,-238,-176,-112,-34,48,135,208,261,293,297,266,210,140,85,34
972984,-13,-45,-74,-89,-94,-88,-78,-72,-66,-63,-79,-111,-149,-188,-228,-268
973015,-299,-315,-325,-318,-278,-209,-127,-43,31,70,72,35,-16,-72,-126,-168
973047,-182,-178,-171,-170,-162,-146,-120,-82,-37,3,31,35,14,-25,-75,-119
973078,-151,-163,-151,-126,-101,-80,-71,-81,-106,-139,-171,-200,-215,-208,-184,-150
973109,-120,-112,-132,-169,-214,-258,-306,-347,-383,-415,-448,-488,-529,-566,-589,-591
973140,-576,-546,-511,-476,-453,-452,-463,-489,-519,-542,-544,-528,-497,-457,-422,-398
973172,-390,-393,-398,-399,-385,-358,-314,-262,-210,-173,-156,-160,-182,-218,-256,-288
973203,-308,-322,-328,-332,-341,-363,-380,-377,-357,-327,-273,-219,-173,-151,-150,-178
973234,-222,-275,-312,-317,-298,-260,-207,-162,-139,-141,-166,-205,-253,-294,-318,-307
973265,-277,-235,-186,-140,-121,-129,-157,-197,-242,-276,-292,-290,-275,-261,-251,-250
973297,-266,-280,-278,-265,-244,-210,-168,-124,-98,-101,-119,-143,-177,-203,-211,-204
973328,-192,-175,-160,-158,-175,-193,-188,-163,-148,-148,-167,-211,-298,-410,-509,-581
973359,-608,-581,-509,-414,-328,-269,-242,-245,-275,-305,-312,-299,-266,-223,-190,-170
973390,-169,-185,-222,-260,-293,-322,-341,-349,-333,-298,-244,-174,-99,-28,26,73
973422,123,191,267,348,408,412,336,177,-58,-349,-656,-944,-1174,-1331,-1410,-1425
973453,-1373,-1271,-1127,-959,-775,-591,-416,-254,-111,5,77,115,128,126,122,135
973484,156,188,222,243,238,203,136,58,-19,-89,-147,-180,-186,-170,-140,-108
973515,-82,-73,-82,-102,-123,-139,-148,-144,-139,-141,-158,-185,-213,-232,-244,-243
973547,-224,-207,-188,-169,-150,-136,-125,-114,-101,-83,-65,-42,-7,27,51,61
973578,55,34,5,-33,-74,-111,-145,-181,-216,-250,-278,-284,-268,-232,-170,-105
973609,-48,-12,1,-20,-63,-117,-167,-208,-238,-268,-296,-326,-363,-395,-421,-436
973640,-437,-419,-392,-373,-370,-391,-434,-500,-558,-595,-604,-579,-521,-446,-383,-352
973672,-355,-394,-456,-525,-573,-603,-609,-586,-547,-502,-456,-421,-397,-374,-355,-332
973703,-306,-282,-253,-224,-209,-212,-233,-267,-291,-302,-302,-293,-266,-227,-186,-163
973734,-160,-176,-201,-231,-253,-271,-275,-258,-219,-169,-136,-138,-168,-211,-264,-325
973765,-374,-400,-391,-352,-303,-264,-233,-219,-219,-220,-227,-238,-238,-226,-218,-213
973797,-216,-230,-240,-248,-246,-216,-166,-109,-60,-36,-55,-106,-170,-228,-253,-236
973828,-183,-111,-58,-50,-86,-152,-220,-269,-290,-274,-237,-191,-155,-147,-171,-211
973859,-257,-310,-361,-389,-398,-396,-392,-391,-392,-397,-408,-402,-375,-332,-279,-219
973890,-169,-140,-143,-169,-198,-232,-259,-274,-274,-271,-253,-237,-230,-239,-257,-287
973922,-324,-360,-388,-393,-373,-330,-251,-145,-23,96,219,326,400,444,460,423
973953,328,157,-70,-338,-624,-905,-1136,-1290,-1367,-1367,-1294,-1171,-1013,-836,-654,-481
973984,-332,-206,-109,-33,32,82,124,160,189,213,220,218,207,188,151,91
974015,3,-111,-228,-321,-365,-347,-278,-179,-69,11,45,29,-19,-82,-137,-159
974047,-146,-111,-77,-48,-48,-72,-115,-155,-195,-215,-223,-209,-191,-171,-157,-140
974078,-116,-87,-46,-5,18,15,0,-38,-95,-153,-186,-186,-160,-117,-49,10
974109,42,49,30,-13,-70,-127,-165,-185,-197,-195,-180,-164,-152,-136,-124,-117
974140,-126,-146,-174,-203,-240,-272,-301,-332,-368,-392,-412,-426,-433,-441,-459,-490
974172,-524,-547,-575,-598,-607,-587,-551,-503,-452,-413,-396,-397,-416,-447,-486,-520
974203,-535,-531,-516,-487,-452,-424,-403,-392,-388,-385,-372,-348,-308,-263,-221,-186
974234,-171,-182,-223,-276,-319,-345,-348,-328,-299,-268,-234,-212,-201,-203,-202,-194
974265,-172,-147,-132,-130,-141,-166,-197,-227,-256,-271,-264,-246,-227,-216,-214,-216
974297,-229,-248,-267,-282,-292,-302,-304,-294,-272,-244,-214,-188,-175,-175,-185,-194
974328,-198,-194,-185,-179,-180,-197,-234,-272,-295,-295,-278,-244,-205,-173,-153,-152
974359,-169,-183,-190,-183,-159,-128,-103,-100,-131,-186,-256,-337,-389,-404,-384,-348
974390,-301,-261,-233,-225,-225,-227,-233,-253,-278,-302,-332,-360,-365,-348,-322,-291
974422,-260,-229,-208,-197,-191,-192,-216,-258,-304,-346,-387,-414,-427,-428,-402,-342
974453,-248,-129,10,152,292,410,491,535,542,492,399,254,42,-236,-553,-871
974484,-1164,-1385,-1517,-1546,-1487,-1353,-1175,-971,-763,-564,-382,-216,-78,38,128,187
974515,211,203,169,133,110,93,90,93,102,107,96,53,-7,-80,-151,-209
974547,-238,-242,-221,-183,-137,-92,-55,-38,-22,-16,-17,-29,-49,-85,-135,-192
974578,-241,-276,-290,-278,-236,-180,-128,-92,-80,-98,-138,-181,-204,-198,-156,-79
974609,4,70,85,51,-20,-102,-175,-212,-206,-162,-102,-43,-6,0,-13,-37
974640,-65,-98,-122,-131,-126,-114,-101,-89,-78,-80,-100,-137,-194,-267,-332,-385
974672,-423,-452,-469,-473,-469,-465,-451,-418,-380,-352,-336,-351,-406,-491,-577,-642
974703,-667,-646,-589,-508,-437,-383,-359,-358,-376,-395,-416,-426,-430,-421,-416,-415
974734,-422,-427,-430,-427,-411,-384,-349,-313,-282,-257,-246,-253,-257,-248,-235,-216
974765,-199,-185,-175,-172,-176,-194,-216,-237,-253,-259,-260,-250,-243,-227,-207,-183
974797,-170,-182,-204,-230,-266,-288,-293,-276,-253,-225,-201,-192,-203,-230,-257,-264
974828,-251,-228,-200,-172,-163,-170,-182,-196,-212,-213,-204,-193,-187,-199,-222,-244
974859,-263,-273,-253,-210,-147,-86,-43,-28,-36,-78,-126,-168,-196,-212,-212,-199
974890,-192,-210,-252,-296,-336,-362,-354,-308,-248,-185,-138,-121,-137,-187,-263,-337
974922,-397,-443,-463,-458,-432,-384,-330,-279,-249,-243,-259,-282,-303,-318,-313,-276
974953,-227,-180,-155,-152,-171,-207,-248,-278,-294,-293,-269,-214,-140,-57,34,126
974984,229,324,382,398,366,269,109,-104,-347,-605,-855,-1073,-1231,-1317,-1333,-1281
975015,-1165,-1011,-838,-663,-490,-337,-210,-101,-5,65,115,145,149,145,136,133
975047,131,129,113,99,72,30,-10,-48,-87,-110,-113,-108,-99,-93,-93,-97
975078,-106,-120,-133,-146,-158,-162,-161,-166,-178,-199,-228,-258,-274,-274,-253,-218
975109,-172,-122,-86,-67,-57,-59,-65,-54,-30,-2,27,50,68,65,35,-2
975140,-38,-80,-110,-120,-107,-82,-50,-27,-17,-36,-83,-137,-189,-229,-250,-247
975172,-231,-209,-210,-225,-249,-278,-312,-327,-318,-283,-249,-228,-234,-262,-320,-390
975203,-453,-492,-496,-472,-436,-393,-364,-361,-367,-383,-396,-403,-408,-408,-406,-415
975234,-444,-495,-554,-600,-626,-629,-596,-538,-459,-382,-313,-273,-267,-295,-332,-360
975265,-378,-387,-385,-378,-375,-372,-377,-371,-349,-301,-238,-164,-86,-28,2,6
975297,-19,-62,-113,-176,-229,-274,-314,-341,-346,-340,-329,-309,-286,-258,-233,-208
975328,-184,-165,-161,-172,-202,-247,-291,-328,-350,-352,-325,-292,-255,-226,-207,-197
975359,-189,-188,-182,-177,-168,-155,-141,-126,-114,-109,-118,-133,-146,-159,-170,-173
975390,-168,-166,-169,-174,-176,-177,-178,-173,-166,-165,-183,-210,-251,-296,-333,-356
975422,-358,-346,-328,-308,-297,-301,-323,-354,-384,-401,-407,-405,-378,-334,-284,-229
975453,-172,-126,-86,-71,-80,-113,-160,-211,-246,-276,-302,-323,-332,-347,-369,-380
975484,-389,-379,-342,-278,-187,-89,11,108,205,294,359,392,382,315,186,-5
975515,-243,-506,-756,-972,-1132,-1226,-1264,-1250,-1187,-1090,-960,-795,-610,-409,-206,-24
975547,112,211,266,275,240,183,120,66,16,-25,-49,-75,-90,-93,-96,-99
975578,-100,-97,-88,-82,-75,-64,-59,-62,-62,-70,-96,-130,-156,-171,-174,-166
975609,-139,-107,-89,-85,-91,-109,-132,-150,-154,-147,-132,-116,-110,-117,-135,-164
975640,-187,-189,-172,-130,-75,-20,21,23,-5,-55,-110,-165,-211,-240,-246,-241
975672,-217,-176,-121,-74,-22,16,33,24,-1,-33,-66,-88,-105,-123,-154,-209
975703,-280,-356,-415,-448,-449,-426,-392,-374,-371,-395,-446,-504,-556,-597,-618,-621
975734,-613,-597,-562,-521,-473,-426,-389,-365,-350,-345,-352,-366,-386,-405,-412,-411
975765,-399,-375,-344,-317,-294,-286,-286,-293,-297,-298,-282,-267,-251,-241,-237,-239
975797,-256,-289,-321,-341,-337,-308,-263,-222,-198,-199,-234,-297,-366,-421,-437,-404
975828,-331,-236,-144,-83,-60,-71,-113,-172,-222,-255,-262,-246,-214,-179,-139,-119
975859,-119,-132,-159,-200,-243,-264,-268,-259,-241,-213,-185,-174,-186,-209,-238,-262
975890,-277,-280,-276,-278,-273,-259,-234,-207,-174,-134,-104,-102,-119,-154,-193,-215
975922,-214,-194,-162,-125,-103,-102,-135,-199,-275,-348,-411,-448,-450,-420,-368,-315
975953,-272,-264,-283,-317,-354,-378,-385,-378,-357,-336,-321,-312,-304,-290,-273,-249
975984,-222,-197,-184,-187,-203,-228,-250,-266,-279,-280,-272,-251,-218,-178,-129,-83
976015,-30,30,91,143,198,254,300,319,291,205,52,-171,-446,-745,-1038,-1284
976047,-1448,-1511,-1466,-1326,-1120,-880,-649,-451,-308,-216,-156,-110,-56,2,65,111
976078,141,151,143,122,105,100,107,126,137,138,110,56,-7,-73,-136,-181
976109,-195,-181,-144,-101,-64,-49,-58,-85,-111,-128,-140,-143,-136,-141,-162,-206
976140,-265,-316,-346,-337,-280,-193,-110,-48,-21,-25,-61,-104,-139,-150,-141,-113
976172,-66,-23,1,9,9,-5,-23,-38,-39,-21,17,71,124,158,157,118
976203,48,-43,-133,-215,-272,-314,-341,-365,-387,-406,-411,-404,-398,-390,-382,-388
976234,-408,-433,-459,-474,-474,-449,-408,-370,-340,-322,-329,-370,-438,-513,-577,-621
976265,-644,-633,-596,-546,-494,-443,-407,-380,-356,-331,-316,-311,-308,-307,-304,-304
976297,-304,-311,-313,-317,-322,-327,-338,-339,-330,-324,-309,-291,-277,-273,-272,-280
976328,-287,-293,-298,-295,-283,-274,-263,-253,-238,-228,-212,-208,-221,-246,-282,-309
976359,-316,-303,-263,-202,-137,-88,-63,-72,-119,-187,-248,-295,-327,-343,-345,-335
976390,-320,-302,-276,-254,-230,-205,-179,-162,-153,-154,-165,-183,-198,-218,-242,-267
976422,-277,-268,-250,-223,-203,-178,-160,-150,-136,-120,-97,-76,-58,-55,-76,-116
976453,-161,-207,-248,-285,-310,-329,-334,-336,-339,-348,-357,-371,-389,-409,-426,-427
976484,-404,-361,-305,-237,-186,-162,-165,-187,-226,-269,-297,-312,-307,-285,-262,-243
976515,-233,-235,-242,-252,-252,-241,-226,-212,-197,-190,-190,-181,-141,-80,7,107
976547,216,311,367,375,331,231,82,-108,-337,-588,-839,-1064,-1241,-1353,-1396,-1369
976578,-1284,-1150,-991,-828,-652,-470,-281,-98,68,194,275,301,280,210,122,40
976609,-14,-27,-12,18,46,54,51,40,19,-13,-49,-78,-97,-115,-125,-137
976640,-142,-149,-148,-145,-137,-138,-135,-113,-93,-81,-82,-103,-135,-175,-221,-257
976672,-275,-273,-248,-205,-172,-147,-139,-150,-164,-169,-161,-135,-100,-57,-20,-7
976703,-6,-13,-24,-33,-27,-5,21,38,45,40,23,-8,-47,-89,-134,-175
976734,-205,-229,-254,-275,-281,-281,-270,-257,-246,-249,-267,-292,-330,-376,-422,-447
976765,-456,-456,-449,-436,-430,-434,-442,-447,-457,-472,-478,-475,-470,-453,-423,-398
976797,-381,-383,-398,-425,-462,-501,-525,-535,-536,-540,-545,-547,-528,-489,-422,-334
976828,-252,-194,-165,-169,-208,-266,-307,-321,-295,-241,-176,-118,-84,-88,-124,-197
976859,-287,-368,-417,-431,-413,-368,-316,-263,-223,-195,-190,-188,-187,-178,-173,-173
976890,-191,-217,-241,-269,-294,-306,-303,-291,-279,-270,-264,-263,-267,-270,-267,-260
976922,-248,-217,-185,-149,-116,-95,-101,-133,-191,-260,-323,-364,-377,-355,-308,-246
976953,-185,-141,-114,-101,-101,-110,-116,-119,-129,-150,-173,-199,-222,-241,-248,-248
976984,-246,-252,-266,-280,-305,-339,-368,-388,-402,-403,-387,-353,-307,-263,-223,-192
977015,-185,-207,-248,-284,-314,-317,-302,-278,-245,-219,-210,-214,-237,-277,-310,-329
977047,-333,-329,-316,-299,-273,-254,-239,-224,-205,-178,-127,-48,39,136,240,329
977078,372,363,305,200,38,-161,-384,-625,-866,-1085,-1257,-1365,-1411,-1385,-1285,-1125
977109,-927,-712,-494,-290,-129,-5,85,145,168,172,175,175,165,149,127,103
977140,81,70,64,50,20,-20,-70,-136,-208,-267,-295,-289,-247,-180,-111,-59
977172,-26,-20,-39,-85,-135,-175,-187,-181,-157,-123,-92,-70,-58,-68,-87,-116
977203,-154,-184,-198,-200,-185,-158,-126,-91,-70,-72,-89,-111,-138,-149,-135,-106
977234,-66,-27,-3,2,-11,-38,-74,-112,-152,-182,-196,-203,-200,-190,-177,-156
977265,-127,-99,-86,-84,-100,-138,-195,-265,-327,-373,-402,-404,-380,-358,-353,-372
977297,-424,-492,-558,-607,-629,-619,-580,-525,-462,-406,-377,-379,-404,-451,-505,-547
977328,-563,-546,-497,-435,-384,-355,-352,-371,-399,-420,-407,-362,-297,-231,-182,-167
977359,-195,-254,-308,-354,-392,-418,-419,-408,-385,-348,-312,-288,-271,-258,-244,-229
977390,-221,-202,-175,-151,-152,-163,-194,-230,-253,-260,-252,-231,-208,-198,-200,-213
977422,-230,-231,-217,-198,-186,-186,-197,-215,-240,-254,-256,-250,-238,-232,-232,-240
977453,-259,-283,-307,-326,-337,-334,-319,-297,-267,-226,-187,-153,-133,-125,-127,-138
977484,-163,-180,-187,-191,-188,-177,-168,-163,-171,-186,-201,-206,-192,-156,-109,-78
977515,-79,-118,-199,-303,-413,-497,-535,-521,-469,-405,-347,-304,-269,-243,-214,-182
977547,-155,-129,-109,-125,-173,-248,-329,-394,-428,-433,-406,-357,-297,-230,-167,-132
977578,-132,-154,-193,-236,-277,-299,-297,-254,-171,-64,42,135,205,237,242,215
977609,166,97,2,-129,-296,-494,-709,-914,-1082,-1206,-1266,-1257,-1188,-1063,-917,-762
977640,-596,-442,-300,-172,-62,19,87,144,188,216,233,245,243,221,185,144
977672,92,33,-33,-92,-140,-178,-194,-182,-154,-113,-70,-41,-40,-69,-121,-181
977703,-231,-263,-270,-245,-196,-133,-84,-56,-56,-79,-126,-180,-232,-265,-276,-256
977734,-212,-170,-145,-136,-150,-163,-165,-140,-91,-28,40,98,112,86,33,-35
977765,-100,-147,-167,-160,-141,-113,-78,-54,-51,-53,-67,-87,-113,-139,-156,-163
977797,-170,-187,-213,-248,-285,-315,-322,-314,-295,-276,-264,-278,-326,-403,-489,-562
977828,-615,-642,-639,-616,-603,-599,-598,-600,-590,-557,-511,-446,-381,-326,-292,-285
977859,-310,-347,-386,-426,-459,-469,-460,-431,-383,-328,-281,-253,-241,-245,-270,-300
977890,-325,-330,-333,-334,-339,-341,-342,-327,-302,-262,-221,-180,-140,-125,-145,-188
977922,-233,-279,-313,-329,-327,-312,-280,-244,-214,-195,-186,-181,-182,-187,-193,-194
977953,-189,-179,-167,-160,-163,-166,-166,-188,-221,-256,-299,-346,-386,-426,-454,-456
977984,-431,-373,-301,-229,-163,-105,-67,-42,-30,-41,-66,-101,-146,-190,-218,-220
978015,-197,-156,-113,-84,-82,-105,-146,-183,-215,-237,-241,-250,-273,-306,-333,-347
978047,-346,-324,-287,-251,-237,-244,-269,-314,-360,-386,-393,-388,-369,-328,-278,-222
978078,-169,-115,-90,-100,-145,-210,-285,-343,-367,-357,-329,-287,-252,-234,-243,-271
978109,-298,-315,-315,-297,-254,-193,-122,-36,60,156,239,289,312,298,237,118
978140,-62,-289,-551,-827,-1081,-1276,-1392,-1418,-1346,-1191,-990,-775,-562,-369,-201,-64
978172,46,127,167,170,152,120,88,73,86,112,139,160,164,137,82,5
978203,-64,-117,-142,-145,-132,-117,-119,-142,-180,-230,-278,-306,-310,-285,-246,-202
978234,-153,-98,-65,-62,-83,-124,-166,-198,-209,-192,-149,-97,-42,-4,1,-14
978265,-33,-48,-55,-53,-60,-66,-75,-96,-119,-137,-153,-156,-142,-118,-85,-64
978297,-53,-50,-65,-98,-128,-145,-145,-141,-127,-125,-135,-169,-214,-259,-296,-326
978328,-332,-312,-280,-242,-212,-210,-234,-288,-360,-430,-479,-494,-481,-446,-408,-396
978359,-413,-455,-509,-554,-575,-572,-543,-509,-482,-465,-466,-476,-478,-459,-429,-380
978390,-328,-278,-240,-232,-256,-308,-379,-445,-488,-501,-473,-416,-348,-283,-237,-215
978422,-220,-243,-273,-307,-330,-336,-326,-307,-288,-275,-265,-257,-257,-255,-249,-233
978453,-195,-148,-108,-86,-93,-126,-176,-227,-271,-290,-281,-245,-203,-170,-159,-170
978484,-189,-211,-232,-237,-237,-234,-232,-242,-268,-291,-310,-312,-297,-273,-246,-214
978515,-191,-185,-194,-225,-269,-300,-314,-304,-263,-200,-132,-78,-55,-74,-134,-202
978547,-261,-293,-286,-245,-175,-102,-57,-47,-78,-140,-223,-297,-353,-380,-380,-365
978578,-347,-336,-342,-358,-377,-389,-376,-336,-292,-261,-250,-256,-275,-290,-300,-295
978609,-271,-233,-201,-187,-195,-232,-283,-333,-369,-392,-390,-360,-311,-258,-214,-181
978640,-156,-129,-93,-34,57,176,298,398,449,428,319,131,-125,-415,-705,-966
978672,-1174,-1306,-1362,-1354,-1290,-1179,-1034,-862,-665,-453,-243,-63,83,181,231,234
978703,204,161,124,101,91,85,85,75,51,6,-53,-120,-176,-217,-226,-204
978734,-168,-128,-103,-98,-108,-130,-147,-161,-165,-168,-162,-151,-145,-140,-128,-110
978765,-87,-73,-70,-82,-94,-103,-104,-100,-88,-66,-47,-39,-50,-73,-101,-130
978797,-151,-172,-195,-208,-214,-211,-205,-187,-154,-121,-95,-78,-69,-74,-84,-95
978828,-104,-108,-106,-93,-83,-81,-89,-98,-107,-126,-156,-192,-236,-267,-293,-318
978859,-338,-343,-344,-336,-335,-329,-324,-323,-331,-352,-396,-459,-536,-608,-664,-689
978890,-674,-615,-532,-446,-386,-359,-369,-410,-471,-527,-566,-572,-534,-470,-395,-330
978922,-282,-248,-222,-202,-190,-190,-197,-211,-236,-277,-324,-367,-390,-394,-384,-362
978953,-329,-289,-248,-216,-197,-196,-204,-217,-234,-259,-282,-299,-306,-305,-302,-289
978984,-265,-241,-221,-206,-199,-197,-191,-179,-153,-126,-102,-86,-85,-102,-131,-172
979015,-218,-261,-314,-359,-392,-412,-410,-376,-311,-232,-159,-109,-93,-107,-149,-202
979047,-250,-289,-299,-287,-262,-228,-197,-176,-171,-174,-175,-170,-153,-126,-82,-43
979078,-25,-31,-70,-134,-215,-293,-364,-423,-458,-462,-444,-404,-346,-277,-208,-164
979109,-153,-182,-241,-317,-383,-425,-446,-440,-402,-343,-285,-240,-204,-191,-199,-226
979140,-267,-313,-350,-365,-349,-314,-265,-211,-169,-142,-133,-136,-134,-115,-73,-2
979172,97,210,321,404,427,382,268,87,-150,-416,-692,-942,-1153,-1310,-1405,-1440
979203,-1413,-1312,-1135,-910,-655,-388,-140,60,180,231,221,167,95,42,7,-9
979234,-14,-4,2,-1,-8,-10,-11,-11,-1,10,17,7,-9,-39,-83,-141
979265,-184,-205,-206,-190,-151,-110,-80,-67,-76,-98,-122,-143,-154,-150,-142,-136
979297,-133,-138,-156,-184,-214,-238,-252,-251,-235,-208,-171,-126,-83,-44,-22,-8
979328,-2,-4,-2,-1,8,16,25,26,18,-1,-26,-61,-109,-153,-189,-224
979359,-253,-265,-258,-242,-216,-181,-154,-154,-174,-205,-245,-294,-342,-378,-408,-437
979390,-455,-467,-477,-495,-512,-527,-538,-533,-517,-494,-471,-447,-434,-419,-419,-421
979422,-417,-401,-380,-350,-327,-320,-330,-348,-379,-415,-453,-485,-502,-499,-479,-442
979453,-394,-339,-287,-249,-231,-243,-272,-319,-368,-403,-418,-397,-353,-297,-247,-208
979484,-181,-160,-139,-124,-108,-102,-114,-145,-202,-273,-342,-386,-408,-401,-372,-329
979515,-284,-245,-216,-192,-175,-163,-155,-150,-141,-126,-114,-115,-135,-172,-221,-275
979547,-316,-334,-331,-298,-249,-198,-170,-175,-211,-253,-289,-301,-285,-247,-194,-146
979578,-115,-113,-132,-173,-218,-250,-263,-266,-251,-232,-205,-179,-156,-144,-142,-152
979609,-175,-201,-218,-225,-229,-228,-236,-256,-288,-327,-367,-392,-392,-379,-354,-329
979640,-323,-323,-324,-314,-291,-262,-232,-209,-203,-219,-258,-318,-376,-411,-421,-414
979672,-389,-350,-311,-277,-250,-221,-185,-133,-44,77,217,353,477,566,591,547
979703,434,261,40,-217,-496,-774,-1033,-1238,-1371,-1431,-1416,-1338,-1210,-1043,-865,-694
979734,-530,-376,-239,-116,-18,56,102,121,128,136,144,151,165,164,147,110
979765,54,-8,-67,-110,-125,-114,-98,-87,-101,-128,-168,-202,-218,-210,-172,-106
979797,-35,24,45,27,-19,-76,-131,-178,-204,-204,-184,-154,-136,-130,-138,-139
979828,-132,-114,-99,-92,-89,-91,-105,-120,-141,-154,-150,-133,-109,-80,-57,-43
979859,-39,-53,-82,-112,-137,-158,-158,-148,-124,-97,-86,-95,-130,-181,-234,-272
979890,-292,-288,-249,-190,-132,-111,-130,-184,-255,-326,-380,-415,-427,-425,-405,-383
979922,-374,-393,-427,-464,-502,-541,-577,-602,-617,-622,-620,-615,-609,-599,-565,-515
979953,-459,-408,-373,-359,-370,-391,-418,-445,-464,-464,-441,-401,-355,-307,-261,-233
979984,-219,-217,-216,-214,-207,-190,-157,-128,-123,-141,-182,-236,-295,-346,-375,-377
980015,-353,-317,-286,-259,-250,-249,-261,-273,-286,-294,-290,-280,-277,-280,-288,-288
980047,-279,-258,-233,-196,-158,-124,-102,-92,-109,-132,-155,-179,-199,-217,-233,-240
980078,-239,-241,-248,-267,-297,-330,-349,-349,-329,-282,-227,-170,-116,-89,-86,-93
980109,-107,-135,-170,-210,-262,-310,-353,-382,-392,-391,-365,-316,-255,-200,-157,-130
980140,-126,-154,-209,-282,-343,-389,-404,-390,-360,-323,-295,-279,-275,-288,-309,-333
980172,-347,-350,-336,-323,-313,-309,-307,-297,-274,-238,-199,-175,-165,-158,-165,-186
980203,-192,-178,-128,-47,59,171,282,376,439,453,402,279,96,-148,-425,-711
980234,-982,-1226,-1412,-1520,-1548,-1497,-1369,-1187,-967,-727,-476,-241,-34,128,232,275
980265,261,213,149,85,32,1,-11,-9,-2,-1,-3,-3,-7,-8,-7,-17
980297,-42,-82,-125,-152,-170,-174,-161,-133,-102,-69,-45,-44,-65,-96,-130,-153
980328,-168,-176,-176,-166,-144,-120,-111,-115,-125,-131,-135,-140,-141,-143,-139,-129
980359,-112,-94,-72,-47,-16,6,12,4,-9,-21,-34,-60,-102,-150,-189,-219
980390,-231,-222,-192,-145,-109,-102,-116,-145,-183,-210,-217,-213,-203,-199,-197,-210
980422,-240,-273,-298,-307,-313,-319,-327,-345,-376,-422,-481,-542,-590,-616,-611,-586
980453,-548,-506,-474,-460,-463,-479,-510,-538,-542,-525,-495,-450,-398,-344,-298,-273
980484,-268,-286,-316,-350,-370,-383,-384,-366,-326,-287,-252,-226,-214,-231,-277,-328
980515,-371,-403,-414,-397,-361,-320,-279,-238,-208,-190,-183,-166,-144,-143,-165,-200
980547,-243,-285,-306,-299,-275,-235,-190,-147,-126,-134,-166,-198,-224,-237,-238,-239
980578,-238,-241,-243,-248,-253,-264,-264,-253,-232,-216,-210,-221,-251,-294,-340,-379
980609,-395,-380,-324,-235,-146,-67,-12,3,-22,-72,-125,-168,-190,-195,-187,-172
980640,-167,-179,-204,-242,-272,-287,-295,-288,-278,-280,-288,-304,-328,-349,-351,-335
980672,-300,-257,-220,-187,-177,-200,-246,-302,-366,-399,-395,-359,-306,-253,-212,-198
980703,-221,-263,-307,-346,-362,-344,-300,-230,-147,-65,14,69,102,131,153,172
980734,194,217,218,180,81,-95,-330,-598,-865,-1088,-1249,-1327,-1323,-1241,-1107,-941
980765,-773,-613,-469,-345,-231,-124,-27,63,144,208,237,239,211,173,138,105
980797,84,64,34,-4,-53,-116,-169,-204,-217,-200,-161,-119,-81,-56,-54,-73
980828,-106,-145,-178,-194,-196,-184,-164,-144,-134,-129,-141,-164,-192,-208,-211,-206
980859,-195,-186,-176,-172,-168,-155,-134,-98,-50,-2,40,51,40,13,-13,-36
980890,-52,-57,-53,-48,-52,-66,-88,-108,-131,-146,-151,-151,-144,-138,-147,-172
980922,-213,-261,-302,-324,-323,-309,-286,-261,-257,-283,-337,-393,-448,-475,-477,-454
980953,-416,-373,-333,-306,-296,-304,-323,-345,-367,-397,-430,-463,-485,-502,-516,-521
980984,-522,-513,-501,-487,-468,-447,-432,-414,-397,-380,-369,-352,-341,-329,-325,-318
981015,-304,-285,-271,-264,-263,-263,-274,-285,-297,-295,-283,-263,-243,-227,-230,-254
981047,-280,-295,-304,-286,-244,-189,-141,-112,-112,-146,-200,-260,-294,-304,-288,-250
981078,-204,-176,-177,-199,-232,-269,-290,-298,-278,-248,-225,-209,-206,-221,-249,-277
981109,-298,-307,-298,-277,-243,-205,-177,-163,-160,-168,-180,-189,-193,-187,-165,-140
981140,-112,-91,-81,-89,-108,-146,-195,-239,-284,-321,-347,-359,-369,-368,-358,-332
981172,-302,-271,-238,-211,-197,-200,-224,-264,-301,-328,-338,-339,-326,-298,-264,-249
981203,-256,-279,-314,-348,-358,-348,-317,-285,-251,-224,-211,-219,-235,-250,-242,-211
981234,-141,-40,72,176,266,313,311,266,169,25,-154,-353,-551,-746,-931,-1081
981265,-1172,-1203,-1178,-1100,-979,-834,-680,-515,-359,-227,-128,-51,7,63,105,141
981297,168,188,190,169,116,38,-53,-139,-202,-227,-214,-169,-106,-39,15,49
981328,58,44,20,-17,-46,-66,-83,-92,-99,-107,-113,-115,-111,-100,-88,-81
981359,-96,-140,-220,-300,-363,-393,-381,-322,-235,-140,-65,-25,-19,-35,-63,-84
981390,-106,-129,-148,-152,-145,-132,-115,-100,-88,-77,-77,-90,-91,-81,-57,-25
981422,-6,-18,-50,-107,-160,-199,-222,-225,-204,-180,-166,-180,-222,-287,-347,-390
981453,-411,-413,-404,-395,-388,-394,-414,-442,-472,-494,-496,-481,-467,-459,-463,-482
981484,-520,-557,-584,-580,-562,-519,-469,-426,-400,-391,-397,-400,-395,-378,-354,-341
981515,-336,-348,-376,-400,-399,-373,-330,-258,-186,-130,-95,-88,-102,-136,-190,-243
981547,-283,-318,-337,-326,-301,-268,-222,-180,-158,-163,-190,-234,-282,-323,-347,-338
981578,-309,-270,-226,-185,-160,-149,-154,-173,-203,-234,-260,-269,-275,-275,-265,-251
981609,-233,-205,-179,-161,-146,-138,-149,-180,-223,-256,-271,-269,-247,-208,-174,-157
981640,-148,-149,-166,-189,-196,-193,-185,-171,-154,-147,-161,-194,-238,-301,-363,-410
981672,-433,-417,-372,-309,-241,-190,-172,-178,-194,-221,-241,-248,-239,-224,-206,-196
981703,-197,-216,-256,-310,-359,-392,-410,-400,-367,-326,-287,-262,-259,-279,-311,-344
981734,-358,-341,-310,-252,-179,-95,-1,101,209,308,388,431,418,336,176,-44
981765,-320,-616,-895,-1131,-1286,-1347,-1323,-1226,-1083,-916,-748,-591,-458,-348,-244,-147
981797,-52,28,96,143,165,167,165,154,137,114,91,66,31,-14,-66,-119
981828,-161,-181,-177,-156,-124,-88,-54,-23,1,9,11,17,8,-16,-57,-112
981859,-173,-231,-282,-312,-330,-335,-319,-297,-295,-291,-272,-240,-199,-154,-110,-64
981890,-27,6,31,44,50,56,54,29,-17,-71,-120,-157,-168,-141,-93,-40
981922,2,7,-26,-83,-143,-179,-181,-156,-111,-53,-24,-40,-99,-194,-289,-368
981953,-421,-441,-430,-409,-379,-367,-369,-382,-412,-445,-459,-462,-456,-444,-430,-426
981984,-437,-459,-481,-499,-505,-493,-466,-436,-412,-403,-405,-424,-446,-462,-463,-451
982015,-423,-380,-334,-292,-257,-236,-232,-245,-273,-310,-357,-399,-422,-424,-407,-374
982047,-333,-300,-285,-287,-293,-299,-300,-282,-254,-232,-227,-239,-271,-308,-342,-356
982078,-337,-291,-233,-173,-125,-98,-93,-110,-149,-190,-234,-272,-289,-285,-258,-221
982109,-184,-148,-135,-141,-155,-183,-212,-242,-276,-306,-327,-346,-348,-328,-298,-258
982140,-207,-172,-159,-168,-184,-198,-203,-192,-158,-119,-84,-66,-67,-96,-135,-175
982172,-206,-237,-262,-278,-287,-299,-316,-334,-348,-357,-366,-371,-374,-372,-363,-342
982203,-314,-290,-279,-275,-273,-272,-276,-282,-291,-302,-319,-344,-367,-382,-373,-343
982234,-286,-215,-152,-115,-109,-145,-201,-260,-285,-256,-174,-59,77,211,332,413
982265,445,435,380,268,104,-120,-384,-674,-958,-1203,-1385,-1479,-1484,-1400,-1247,-1054
982297,-844,-646,-477,-340,-238,-161,-94,-22,46,102,150,189,213,210,171,118
982328,70,32,10,9,20,39,58,56,29,-25,-90,-145,-177,-186,-184,-169
982359,-143,-117,-101,-106,-133,-166,-198,-223,-232,-226,-208,-174,-133,-97,-82,-77
982390,-88,-98,-108,-111,-101,-91,-81,-70,-62,-59,-64,-80,-114,-144,-169,-175
982422,-168,-148,-125,-95,-69,-51,-42,-40,-44,-37,-33,-45,-75,-120,-176,-220
982453,-247,-251,-239,-219,-204,-204,-228,-265,-305,-333,-347,-358,-370,-384,-407,-436
982484,-466,-491,-502,-503,-498,-488,-478,-472,-464,-442,-426,-428,-448,-473,-493,-507
982515,-505,-479,-436,-389,-354,-334,-339,-364,-395,-408,-412,-403,-375,-332,-305,-296
982547,-305,-327,-359,-384,-391,-376,-352,-313,-272,-238,-226,-212,-203,-200,-202,-198
982578,-189,-187,-197,-213,-233,-258,-276,-286,-289,-285,-275,-254,-227,-203,-192,-197
982609,-209,-226,-244,-257,-255,-238,-207,-175,-149,-142,-140,-150,-151,-148,-142,-141
982640,-154,-182,-218,-262,-296,-309,-304,-290,-269,-243,-222,-201,-187,-183,-185,-186
982672,-184,-183,-183,-184,-182,-188,-203,-235,-274,-311,-345,-352,-340,-324,-300,-278
982703,-272,-277,-282,-292,-297,-291,-280,-267,-259,-254,-263,-285,-305,-324,-333,-334
982734,-319,-287,-257,-233,-209,-189,-190,-206,-230,-259,-300,-335,-347,-329,-283,-215
982765,-122,-20,70,146,222,283,326,350,355,314,203,13,-242,-546,-860,-1154
982797,-1380,-1529,-1581,-1526,-1388,-1184,-938,-668,-406,-163,31,178,266,308,307,271
982828,205,130,60,-4,-52,-77,-79,-77,-77,-84,-94,-113,-123,-117,-96,-59
982859,-22,6,19,4,-39,-90,-148,-195,-224,-232,-220,-195,-174,-156,-142,-137
982890,-144,-148,-146,-138,-128,-114,-105,-105,-118,-129,-137,-135,-130,-114,-96,-82
982922,-73,-59,-57,-64,-80,-97,-108,-109,-98,-77,-45,-16,7,8,-13,-54
982953,-100,-135,-153,-154,-148,-140,-142,-162,-202,-255,-313,-363,-383,-377,-349,-303
982984,-269,-260,-284,-331,-376,-413,-434,-427,-409,-396,-401,-423,-467,-523,-572,-604
983015,-609,-598,-574,-528,-470,-413,-374,-352,-363,-398,-450,-499,-527,-533,-513,-469
983047,-420,-376,-342,-320,-306,-298,-284,-277,-273,-278,-293,-309,-320,-318,-298,-270
983078,-244,-217,-202,-213,-235,-256,-272,-270,-248,-215,-179,-152,-145,-148,-175,-217
983109,-250,-274,-284,-285,-279,-261,-238,-224,-229,-244,-261,-281,-287,-279,-255,-226
983140,-204,-194,-200,-223,-256,-286,-301,-307,-297,-273,-243,-211,-198,-192,-190,-190
983172,-191,-186,-166,-140,-113,-88,-71,-71,-82,-94,-110,-132,-158,-187,-219,-258
983203,-305,-345,-372,-389,-395,-388,-377,-363,-349,-334,-323,-323,-342,-374,-414,-455
983234,-486,-481,-440,-370,-285,-209,-170,-166,-189,-235,-283,-304,-291,-254,-206,-165
983265,-129,-112,-120,-133,-128,-105,-52,29,130,231,317,374,388,352,250,96
983297,-102,-334,-586,-834,-1063,-1242,-1360,-1413,-1391,-1303,-1162,-988,-794,-598,-413,-256
983328,-135,-39,35,82,116,137,148,153,150,146,133,109,78,50,29,7
983359,-9,-13,-7,-4,-6,-19,-40,-69,-96,-110,-118,-118,-117,-124,-134,-151
983390,-173,-199,-219,-230,-225,-213,-203,-190,-189,-207,-230,-255,-270,-266,-237,-181
983422,-113,-44,1,24,21,-4,-39,-69,-84,-79,-69,-57,-46,-43,-48,-62
983453,-72,-75,-73,-60,-38,-24,-30,-35,-54,-80,-107,-130,-146,-155,-158,-164
983484,-180,-220,-270,-333,-408,-490,-563,-623,-651,-645,-611,-564,-506,-451,-404,-373
983515,-366,-376,-392,-406,-408,-398,-387,-377,-365,-353,-343,-334,-327,-331,-335,-347
